date,day_start_ts_s,price_open_usd,price_high_usd,price_low_usd,price_close_usd,market_cap_close_usd,volume_24h_close_usd
2025-01-14,1736812800.0,94504.26849514963,97094.58071458963,94451.91272177773,96732.3889915353,1916181189857.3633,55003803656.64044
2025-01-15,1736899200.0,96535.26005426567,99895.53095971681,96535.26005426567,99725.40578888806,1975418489967.2363,56122728493.968254
2025-01-16,1736985600.0,100554.74910518984,100554.74910518984,97532.25346033007,99877.5171161229,1978133831717.9255,49249747582.6554
2025-01-17,1737072000.0,99977.5043880182,105850.05041675539,99977.5043880182,104347.54717350486,2071033428678.8525,73594889513.65302
2025-01-18,1737158400.0,104125.16350264964,104838.54828188014,102721.6188330088,104216.89840135271,2064257405030.742,41417213677.10377
2025-01-19,1737244800.0,104451.81705559652,106085.44055825933,103221.86907925215,103221.86907925215,2040375565467.1672,61507831451.87798
2025-01-20,1737331200.0,101275.33714814208,108228.26762528597,99717.60975037608,103446.73844314495,2052785117030.3086,144430586526.66348
2025-01-21,1737417600.0,102094.72883937496,106969.68100810557,101063.53964636955,106011.73551990329,2101985967480.1875,95521734421.4995
2025-01-22,1737504000.0,106193.34179411683,106194.21780148889,103809.42598027962,103889.57174880913,2061317579504.2202,56134924026.78908
2025-01-23,1737590400.0,103610.2884720945,105928.72626806023,101524.9578065445,103996.38358573921,2058765535087.8228,107915731945.21402
2025-01-24,1737676800.0,104067.60991206947,106462.47510536018,103007.08090172919,104828.41023433676,2079324020423.8052,54027540551.981
2025-01-25,1737763200.0,104865.34040196025,105196.8110903439,104297.64110327902,105043.52337871982,2082833038898.615,23400456426.569286
2025-01-26,1737849600.0,104757.72169371562,105205.034734833,104252.44945477527,104252.44945477527,2067678293544.4365,17304344876.5781
2025-01-27,1737936000.0,102624.65334083581,102624.65334083581,98380.59207932772,101728.82790773972,2017597184688.3171,96564977795.63347
2025-01-28,1738022400.0,102101.49013927419,102992.57835984608,100272.25743332352,101191.8542200963,2003288626068.7031,47754931912.40608
2025-01-29,1738108800.0,101340.77163007476,104302.57891352312,101340.77163007476,103505.30962657207,2052239710988.8335,43773914149.59221
2025-01-30,1738195200.0,103715.7684209174,105892.90682330292,103715.7684209174,105121.06862147224,2082146283598.9119,41379593261.503815
2025-01-31,1738281600.0,104719.69018312056,105480.45394517481,101598.16372711949,102231.1283769451,2023592866953.4978,46390618358.545944
2025-02-01,1738368000.0,102404.93376107872,102512.46698695565,100522.89746094769,100522.89746094769,1992300478317.287,25233528730.879044
2025-02-02,1738454400.0,100503.92993660411,101237.55570873898,96896.82676418213,97815.84535257479,1936077131894.8628,61901167209.33174
2025-02-03,1738540800.0,97652.02866142086,102038.29415299969,92876.12162304203,101786.57409375272,2017429742855.147,120256344524.31786
2025-02-04,1738627200.0,101392.3150300614,101468.37868950945,96386.5143187413,97690.61739242118,1936202930229.118,73745720028.94376
2025-02-05,1738713600.0,97888.30731950274,98611.46674060835,96439.88149814382,96439.88149814382,1911456067310.7488,45802910614.77849
2025-02-06,1738800000.0,96613.00809483857,98975.0605619712,95967.15004023662,96928.85157608312,1920145791854.1646,47746489916.790535
2025-02-07,1738886400.0,96567.63486519158,99606.01843437883,95746.87395405429,96108.29568062663,1902251003510.893,56879988980.40387
2025-02-08,1738972800.0,96558.4563096667,96786.35922159553,95836.79513855922,96487.0543625433,1912518704714.4302,17309338168.577934
2025-02-09,1739059200.0,96454.44602149501,97267.4076648532,95340.48294665758,95841.1801230943,1899681798074.2817,25191329921.97537
2025-02-10,1739145600.0,96519.99549282841,98334.08502172824,95524.22026320195,97390.4434974332,1930669526541.8044,40268514005.312454
2025-02-11,1739232000.0,97465.03795561657,98467.0013054058,95017.42507160608,95561.70494164275,1892098465778.7751,36339421755.373985
2025-02-12,1739318400.0,95743.13972459143,97917.74883920769,94907.03940613412,97917.74883920769,1939519916877.9893,48425213977.48271
2025-02-13,1739404800.0,97886.93195784716,97984.76780314116,95458.140300641,96374.20669516998,1910506638170.8984,37851333295.0051
2025-02-14,1739491200.0,96666.70960779543,98623.62137807804,96532.5779782049,97190.84281503958,1922798235660.6257,32315092384.24408
2025-02-15,1739577600.0,97525.56432832252,97811.65069075664,97401.87016895857,97545.4160810322,1932470989678.6975,14680927133.062716
2025-02-16,1739664000.0,97651.63779310409,97670.43504008041,96820.88754034557,96889.88885007307,1920526548847.5732,12394650067.541912
2025-02-17,1739750400.0,96122.86600485025,96825.39185696325,95305.81471590063,95910.6343997475,1902326086653.527,26620552713.17731
2025-02-18,1739836800.0,95784.62953852078,96283.17216937791,93902.52254777655,95259.61791981726,1888325489338.8987,34991516686.618744
2025-02-19,1739923200.0,95613.70786478418,96540.84301900618,95176.94369782117,96540.84301900618,1913818170181.2195,23038836937.136932
2025-02-20,1740009600.0,96631.9764747056,98519.0592307595,96631.9764747056,98227.3320679309,1946512875120.1768,28199527779.23245
2025-02-21,1740096000.0,98336.68799774042,99244.09049710589,94909.23471393716,95744.67131189487,1898921992324.5488,43728538160.090706
2025-02-22,1740182400.0,96135.15541305285,96857.71626951931,96135.15541305285,96635.74766480611,1916750815560.4211,18863333654.078506
2025-02-23,1740268800.0,96526.3245193673,96652.72840228872,95425.30528594145,96100.14512743866,1904561170797.394,16666706255.082392
2025-02-24,1740355200.0,96265.42843123179,96265.42843123179,92361.39840402018,92361.39840402018,1834409048727.0303,39862846872.6093
2025-02-25,1740441600.0,91581.54822567313,92306.01372151902,86776.4546745387,89006.72620143932,1759775902216.9827,79531697446.36389
2025-02-26,1740528000.0,88463.02814951622,89191.07152838832,83753.25723879317,84301.81196811788,1677252757508.4766,73362422188.8593
2025-02-27,1740614400.0,84136.6270309708,86951.11150965454,83456.54639867684,84575.08070076704,1676735999156.739,308899963927.0698
2025-02-28,1740700800.0,84689.50963635083,84689.50963635083,78940.43864942867,84116.90940478408,1668237744382.8064,78337950628.10304
2025-03-01,1740787200.0,84316.57799844211,86187.61560877925,83818.25957742738,86064.6646695572,1707986472026.645,28751386217.347446
2025-03-02,1740873600.0,85982.6656372778,94770.10370201574,85075.19099390629,94770.10370201574,1873638235045.3464,61167710399.12147
2025-03-03,1740960000.0,94261.53286538439,94261.53286538439,85204.63043242115,86170.71147754729,1709977428347.8018,68948554925.63377
2025-03-04,1741046400.0,86009.33348231346,87903.09912509412,82681.05172860001,87536.70299445765,1737381784517.406,70035180729.90804
2025-03-05,1741132800.0,87310.80531078295,90503.36669781877,86671.69226701841,90503.36669781877,1794153142475.3542,51742728636.56275
2025-03-06,1741219200.0,90746.37808455544,92300.44149363266,88376.11449099529,90450.752622387,1790638839415.8406,44083082601.13379
2025-03-07,1741305600.0,89924.21242214506,90647.79774677548,85590.46644276992,86744.24445440294,1721000656346.249,61076888866.1753
2025-03-08,1741392000.0,86719.52967663977,86828.25763790608,85917.18104453273,86295.78124249187,1712865264454.124,18898687953.212597
2025-03-09,1741478400.0,86173.28335601451,86482.71540062728,80182.87188781645,80182.87188781645,1595392896143.8347,27325944895.641483
2025-03-10,1741564800.0,80674.95605846473,83620.17030648564,77494.5999450215,79505.93316264477,1580492621822.0017,58190267365.77554
2025-03-11,1741651200.0,78537.05805794513,83196.76104395698,77186.92631492284,83157.48605838082,1649912057361.183,56991396254.73114
2025-03-12,1741737600.0,82753.77759522418,83969.50401830622,80869.73779222043,83667.40552069119,1659818900693.3718,37891271142.81455
2025-03-13,1741824000.0,83678.46552437067,83939.38948062022,80217.83930689494,81318.85219010353,1613057379597.1025,32205867368.038174
2025-03-14,1741910400.0,80857.26701703468,84727.83488216766,80857.26701703468,84346.89648742026,1674235591090.534,30369963013.171387
2025-03-15,1741996800.0,83955.00378884435,84505.5781189017,83863.26278107218,84358.9159883021,1673646919623.4114,12972595922.421322
2025-03-16,1742083200.0,84354.47191448158,84418.91164824746,82077.84518119802,82077.84518119802,1630167839348.9658,20945977227.046154
2025-03-17,1742169600.0,82617.7331241566,84448.92794202417,82617.7331241566,83980.78904995437,1666630743417.9995,24453935389.109447
2025-03-18,1742256000.0,83920.30721263391,83920.30721263391,81259.85862657995,82500.92476738001,1636163450244.5188,23817385164.65097
2025-03-19,1742342400.0,82780.03048688271,86185.41143785912,82703.69232896074,86185.41143785912,1711682857860.0273,35287513708.10233
2025-03-20,1742428800.0,86815.44109470697,86815.44109470697,83735.87324881191,84087.18295443771,1668563659240.3408,26212151279.36154
2025-03-21,1742515200.0,84326.23460828917,84743.39249862774,83378.30606761425,84143.3705534662,1669452580854.7131,15889602790.965174
2025-03-22,1742601600.0,84009.532917822,84392.82009721096,83914.13490809177,83948.80437413476,1666040545665.5435,8517906326.995917
2025-03-23,1742688000.0,83823.01245126098,85396.29041826307,83823.01245126098,85396.29041826307,1694313001348.4167,11193035182.352144
2025-03-24,1742774400.0,86114.33370456511,88474.3135894229,85560.23956148796,87355.15333559812,1735189501350.797,35781712292.725075
2025-03-25,1742860800.0,87404.87649068212,88199.60526776778,86427.65033425306,87321.36793603227,1732643281821.4788,30504107048.060806
2025-03-26,1742947200.0,87424.06865781397,88240.46256324385,86217.63942503363,86817.98796198177,1722837475609.0845,24214995153.743797
2025-03-27,1743033600.0,86913.68578612641,87684.58507410828,86311.36672144024,87305.46595898429,1733395500667.403,24355802796.690277
2025-03-28,1743120000.0,87212.97468263778,87337.4665470881,83719.60743307101,84478.16251367884,1675354695338.9177,30159125052.807995
2025-03-29,1743206400.0,84359.46915506005,84386.77613913322,82162.685941113,82311.72140355429,1634799005934.615,15940848427.445204
2025-03-30,1743292800.0,82603.84608714566,83440.59474949405,82190.67408154199,82377.94312671632,1637086369307.5815,14523903512.3047
2025-03-31,1743379200.0,82355.18824543593,83500.4896400052,81488.96451396754,82372.42496571247,1633798787966.2148,30357000546.959167
2025-04-01,1743465600.0,82553.23623643283,85311.29137218822,82553.23623643283,85073.12003223266,1688786831339.5361,29678910840.35733
2025-04-02,1743552000.0,85151.38359873935,87106.00781966242,82670.64635520295,82670.64635520295,1642995522133.0803,45940274232.67593
2025-04-03,1743638400.0,82526.4221526433,83783.75496624704,81476.42191638195,82654.29602655036,1640610411811.1997,40608919507.91365
2025-04-04,1743724800.0,83208.52796536,84613.64673947358,82548.3231829159,84032.71900547225,1667761443139.5173,47469588650.659355
2025-04-05,1743811200.0,83733.5293123474,83958.723779881,82623.6290432163,83167.51792928776,1650411688906.9507,14712750992.349504
2025-04-06,1743897600.0,83514.33824375339,83514.33824375339,77918.79195001676,77918.79195001676,1548878815407.6177,33567369881.877934
2025-04-07,1743984000.0,78366.83212378949,79898.18473633853,74773.2587934775,79898.18473633853,1589450404492.6758,92166207576.78459
2025-04-08,1744070400.0,79462.14204389678,80678.70925924664,76617.7575009251,76617.7575009251,1520642979656.125,48384581325.195854
2025-04-09,1744156800.0,76300.77843824399,83315.43959137528,75101.3997278555,83058.34775924393,1648524590006.9963,87562233420.75386
2025-04-10,1744243200.0,82595.42668033838,82595.42668033838,78835.58867030361,79715.508089801,1582350886182.1143,43267549355.3218
2025-04-11,1744329600.0,79556.41318002685,83874.22618739116,79086.09032816654,83403.67277102497,1655983516594.6467,38099070316.84869
2025-04-12,1744416000.0,83437.92254404748,85528.04428969568,82861.85819962031,85369.94860925588,1694666494691.161,22437523630.075287
2025-04-13,1744502400.0,85296.72976736756,85464.59019442675,83330.90244768845,83330.90244768845,1655103263851.7512,28219796845.757812
2025-04-14,1744588800.0,83637.28172222206,85667.64514540603,83637.28172222206,84516.57227578854,1678082326458.5723,33472488655.716427
2025-04-15,1744675200.0,84590.22055897689,85917.26834462702,83820.92705842877,83820.92705842877,1663552155475.909,26005809621.213688
2025-04-16,1744761600.0,83641.90418930881,85164.83798446032,83268.76104504136,84463.89043079078,1676678984251.998,27241753910.436047
2025-04-17,1744848000.0,84058.84766997752,85130.287718885,83998.8765062859,84837.31546385802,1684987220414.797,19553847950.538727
2025-04-18,1744934400.0,84946.9167296784,84946.9167296784,84382.34027186113,84507.5553544359,1677744600572.3074,9723087550.640936
2025-04-19,1745020800.0,84447.77718147618,85450.83762577904,84430.13416891031,85246.71284128349,1692401746417.0254,12731278593.332134
2025-04-20,1745107200.0,85089.15978095334,85279.66518510957,84093.83367559967,84832.44738276633,1684222671586.06,12104644653.904951
2025-04-21,1745193600.0,85140.01930346077,88183.22734480911,85140.01930346077,87118.9841439109,1729717267456.5078,39801838176.88676
2025-04-22,1745280000.0,87530.85023993472,92890.82073039186,87530.85023993472,92890.82073039186,1843233524838.8752,51597175731.22217
2025-04-23,1745366400.0,93518.26130183092,94294.96451438825,92765.40196195075,93775.79949419561,1861921668241.5095,41659886814.724525
2025-04-24,1745452800.0,93692.84058767844,93692.84058767844,91979.55746381238,93463.48432069764,1855783186016.9292,29127834412.698193
2025-04-25,1745539200.0,93950.39664992713,95501.30690513337,93056.1298372759,94928.50897300708,1885105298682.5886,40153827009.772224
2025-04-26,1745625600.0,94800.21413700008,95078.20905423805,94103.96485256299,94749.59569570786,1881004939311.1619,15282075583.342007
2025-04-27,1745712000.0,94665.59782689773,94915.7893105099,93780.92738165492,93875.1098671888,1864900845765.6648,15922641788.480486
2025-04-28,1745798400.0,93801.93640023789,95379.01155145206,92972.1233992771,94892.31622725037,1883674682107.0618,31303390154.5908
2025-04-29,1745884800.0,95023.30123616234,95432.6412390394,94172.7308096848,94172.7308096848,1870479571474.7688,23953282283.601173
2025-04-30,1745971200.0,94274.73761715383,95184.3208761479,93438.4113920031,94239.62198019015,1871060395024.8232,26953432105.11117
2025-05-01,1746057600.0,94286.27798563991,97176.44540379278,94286.27798563991,96346.4385297464,1914115994357.575,30418855312.048153
2025-05-02,1746144000.0,96465.09077322687,97715.58382024213,96465.09077322687,96685.63911259717,1920001391930.3542,23653774693.97117
2025-05-03,1746230400.0,96932.91347341705,96932.91347341705,95964.52767965854,96206.39898420339,1910826891059.8303,13326810903.668207
2025-05-04,1746316800.0,95911.57974109074,96064.91190994653,94990.11188430124,94990.11188430124,1887233991284.561,15174102004.349886
2025-05-05,1746403200.0,94303.45616731183,95036.71686518363,93724.80501461533,95036.71686518363,1887505605058.7324,25378035819.8624
2025-05-06,1746489600.0,94719.67050036856,96288.68626769505,93846.01249611624,96288.68626769505,1911646709932.487,21962878769.917686
2025-05-07,1746576000.0,96815.80313214885,97454.99383963464,96148.7571218679,97277.49264928911,1931984866433.4807,65322517425.90997
2025-05-08,1746662400.0,97035.80181467332,102946.60364931433,97035.80181467332,102946.60364931433,2044566208629.1304,50676744332.03419
2025-05-09,1746748800.0,103155.55403424997,103775.85199443038,102431.38593811914,102827.52654028965,2042630305300.52,41783289727.14181
2025-05-10,1746835200.0,102974.90755054186,103783.45760307356,102888.53800348293,103660.87510929449,2059003388737.6416,19782119517.170853
2025-05-11,1746921600.0,104710.18767116882,104710.18767116882,103593.91838549759,103785.595389775,2061478978428.8125,28508505538.35858
2025-05-12,1747008000.0,104083.02280094857,104632.60236125204,101758.10895980781,102853.64407073468,2043083815777.0159,41386318601.0208
2025-05-13,1747094400.0,102822.91679502407,104778.26218485396,101749.06016032975,104235.96595683586,2070992700150.078,33871184306.729725
2025-05-14,1747180800.0,104184.49039270742,104184.49039270742,103236.43383121496,103500.55803017515,2056105454580.6538,28450646873.023415
2025-05-15,1747267200.0,103546.46918182234,103977.5367463436,101775.76120644069,103553.93506366151,2057126470477.6018,31667762086.352634
2025-05-16,1747353600.0,103782.3671140446,104209.18515019871,103448.92558696079,103467.28985993791,2055147557638.5618,26327100999.420677
2025-05-17,1747440000.0,103533.26669721663,103624.29922408522,102770.92765223501,103058.42662008991,2047301901510.5337,17866791411.911285
2025-05-18,1747526400.0,103194.65650649132,105617.89582136768,103194.65650649132,105427.48904875397,2093094238617.3384,27823524822.455944
2025-05-19,1747612800.0,106139.68550864227,106139.68550864227,102381.2104823244,105563.46876771093,2096984577235.1062,46137705081.79079
2025-05-20,1747699200.0,105663.20354903601,106873.03984532565,104387.66509118448,106566.5101429697,2117065488060.3857,36208886375.59359
2025-05-21,1747785600.0,106798.53751514817,109467.65393142396,106229.4484508103,108802.10768508335,2161956071133.1418,59166970685.77274
2025-05-22,1747872000.0,109665.86371625263,111806.59824511288,109665.86371625263,111096.21954213973,2207334316109.4287,56145354370.72126
2025-05-23,1747958400.0,111579.18064152761,111604.40010039737,107925.98663757442,107925.98663757442,2145691782947.6194,48482967402.18916
2025-05-24,1748044800.0,107216.66856870624,109293.09324020769,107216.66856870624,108324.50385270145,2152403702934.2134,26440598353.23977
2025-05-25,1748131200.0,107819.03500967441,108943.10357431156,107008.50025844328,108943.10357431156,2162905704656.4695,30567377081.059082
2025-05-26,1748217600.0,108900.60971032295,110094.41474441695,108900.60971032295,109324.18231895837,2172560022703.1768,28994595047.12939
2025-05-27,1748304000.0,109393.7426319189,110370.16947230526,108291.51316543337,109024.62093375555,2166089168915.2583,38831461947.39646
2025-05-28,1748390400.0,109068.45694901445,109079.40649336847,107224.6662536516,107434.48106938627,2134840711814.694,29412623148.953465
2025-05-29,1748476800.0,107830.09824019176,108776.46456114404,105795.87862075334,106079.31761099242,2108424452362.1375,38354162171.216415
2025-05-30,1748563200.0,105719.8746352865,106137.02262895752,104172.41321473155,104205.17451736565,2071605220269.0964,39403271676.68643
2025-05-31,1748649600.0,104020.87024454171,104889.22082341903,103414.43956180367,104724.25519371904,2081338794598.875,21428750767.029358
2025-06-01,1748736000.0,104686.33390404454,105570.88548761408,103943.43968854116,105570.88548761408,2097869551286.1443,17532260792.75112
2025-06-02,1748822400.0,105698.43787667034,105698.43787667034,103984.23164102003,105689.76014869151,2100495004967.4202,25815864783.1753
2025-06-03,1748908800.0,105883.83175718882,106723.28639087187,105056.7992005663,105861.43112119468,2104530574433.3708,26282823034.553883
2025-06-04,1748995200.0,105430.86066799659,105760.43175456114,104713.93690550917,104893.31963210164,2084690742763.0437,26017731234.623657
2025-06-05,1749081600.0,104803.00653561577,105677.91848447545,100983.60135527559,101578.2036315807,2018919530735.6782,38747330608.35644
2025-06-06,1749168000.0,101597.8403831928,105066.03741127625,101597.8403831928,104461.5344281458,2075861677248.137,31039062202.54331
2025-06-07,1749254400.0,104409.74967959142,105879.205828614,104409.74967959142,105877.88107706241,2104416907623.093,17335224232.326653
2025-06-08,1749340800.0,105665.12362716689,106348.57213757417,105223.76329644934,105859.29070841393,2104031926084.9358,15960162156.667406
2025-06-09,1749427200.0,105724.23517396167,110191.90634892028,105443.99008599298,110191.90634892028,2190107740709.22,36927774077.50809
2025-06-10,1749513600.0,110265.69002155038,110265.69002155038,108650.26645990167,109750.10877346194,2181609225242.7043,36493269730.696236
2025-06-11,1749600000.0,110212.73252109604,110212.73252109604,108421.48486982741,108421.48486982741,2155247033993.8276,30719326447.49193
2025-06-12,1749686400.0,108686.78360356209,108705.46259162185,105893.39755842647,105893.39755842647,2104641436842.3489,35647710461.510216
2025-06-13,1749772800.0,105897.58456696918,105897.58456696918,103639.0528760391,105807.38321278973,2103389484247.5725,49621394515.02926
2025-06-14,1749859200.0,106068.92114368563,106068.92114368563,104509.7805877075,105396.86455506297,2094787376718.7698,18117884476.192547
2025-06-15,1749945600.0,105459.03569251344,106032.01541231424,104735.93318579897,105278.33843183825,2093798291814.2063,14568092255.821001
2025-06-16,1750032000.0,105564.16534458233,108771.38706442164,105424.1991516492,107711.80016691367,2142717142145.187,28404007448.97285
2025-06-17,1750118400.0,106842.12269316117,107596.24063656588,103645.26543018637,104416.64158014965,2076946193497.557,39829174879.41471
2025-06-18,1750204800.0,104582.95726510268,105449.91858002415,103970.13038955415,104927.54470783188,2085679260286.6638,30654108563.614735
2025-06-19,1750291200.0,104820.29452686982,105074.9655347677,104021.48549999535,104639.20468977488,2080836488691.1123,18017108416.85166
2025-06-20,1750377600.0,104682.87661416734,106036.3757848508,103055.61941252834,103098.70998146721,2049666282613.7683,30635254896.71091
2025-06-21,1750464000.0,103291.80698792482,103900.88395114425,101588.31432572688,101824.54107207153,2024500693991.331,20305285481.072998
2025-06-22,1750550400.0,102092.12946975077,102949.09073657315,98974.66955517934,100744.79637480115,2001693205679.9316,52212768660.95772
2025-06-23,1750636800.0,100904.15705609178,105508.54151080719,100545.61084417342,105508.54151080719,2093376902387.682,49367157862.93469
2025-06-24,1750723200.0,105471.02502618794,106091.85705647874,104919.66302424055,106028.45584252426,2108105506794.4739,33637389882.226795
2025-06-25,1750809600.0,106035.71025470141,107984.76665935366,106035.71025470141,107338.5281800289,2134267754362.9412,32890720949.97604
2025-06-26,1750896000.0,107238.53045016268,107961.90837726144,106965.09554258849,107027.68829546703,2128388568170.0723,24291103842.418983
2025-06-27,1750982400.0,106977.31803225716,107558.96638806675,106556.4445160221,107156.18568224067,2130767385997.8665,25422820115.84683
2025-06-28,1751068800.0,107085.40176203007,107502.14419754063,107085.40176203007,107390.13005838435,2135405124800.695,9154737161.080002
2025-06-29,1751155200.0,107332.7847029182,108430.88270656305,107238.96623676884,108118.04751834349,2150954749779.4614,14084541429.504177
2025-06-30,1751241600.0,108387.33306224085,108706.24104403128,107025.8922773795,107151.548463726,2130790833590.4116,23292965382.613094
2025-07-01,1751328000.0,107135.62573807983,107385.59532767249,105558.1795216201,105729.30337893893,2103087219499.2239,25106725388.894093
2025-07-02,1751414400.0,105671.37564921292,109608.34454475196,105430.0699189044,109172.67593813807,2171133029878.4612,32949099684.148376
2025-07-03,1751500800.0,108876.33080471942,110306.89134124944,108708.78299547141,109740.8804104662,2182337316498.5544,30378465390.15045
2025-07-04,1751587200.0,109602.20483914016,109602.20483914016,107474.62184599855,108260.04743409023,2152805812510.2366,24342232097.901722
2025-07-05,1751673600.0,108015.91918796576,108268.47699607356,107985.24239548545,108207.50672837593,2151882351170.6257,10094342580.461184
2025-07-06,1751760000.0,108216.01621122604,109273.0167998506,107924.37145127529,109273.0167998506,2173685739083.7993,15252657083.82264
2025-07-07,1751846400.0,109222.28203144151,109426.41237562221,107930.88282581135,108032.89177796259,2148788653077.031,25790188479.792377
2025-07-08,1751932800.0,108294.14789727505,109116.14147377446,107720.02901194381,108920.19114415902,2166543478818.8232,23038234381.437275
2025-07-09,1752019200.0,108945.70903639354,111741.51191522085,108382.60401320309,111385.38257570405,2214757427001.366,35660017665.62137
2025-07-10,1752105600.0,111309.18837297094,116462.06669565785,110789.31246026137,116061.0328332691,2308585167780.5557,54132700017.50239
2025-07-11,1752192000.0,115945.97312837391,118502.4306170008,115547.7141631778,117613.8185655966,2339429803460.51,65922841909.52058
2025-07-12,1752278400.0,117571.02510036016,118143.01873929753,117143.94989455283,117404.65973254917,2335314385131.7847,24729871410.76749
2025-07-13,1752364800.0,117413.3981640852,119142.52784736596,117379.69191559301,118645.52347991406,2360485485096.018,26320821207.289825
2025-07-14,1752451200.0,119145.25761016461,122780.23504485826,119143.98227017683,120085.43143485798,2388841332411.0913,68902822005.91719
2025-07-15,1752537600.0,119849.15679622682,119849.15679622682,116224.72493253804,117703.39068836012,2341282149972.6636,80044504418.03279
2025-07-16,1752624000.0,117709.37885317323,119754.57948778867,117235.18117585825,118745.983713227,2363617133123.342,41085048612.15814
2025-07-17,1752710400.0,118709.97778289006,120371.54114830613,117952.71138166204,119897.27563335178,2385822589691.168,48984077184.30752
2025-07-18,1752796800.0,119445.36520434043,120654.09736363187,117483.79590528553,117737.83262660827,2342256583629.484,59238279370.012596
2025-07-19,1752883200.0,118002.55406498823,118434.05577862941,117718.69050847588,117856.48988305368,2345050635493.008,25086229942.097816
2025-07-20,1752969600.0,117904.03429738218,118738.28818265932,117551.303907244,117551.303907244,2339028566094.156,35497237782.60272
2025-07-21,1753056000.0,117269.11884296437,119366.30365658732,116846.90847952665,117496.57904142098,2337789804125.2573,50011099446.102104
2025-07-22,1753142400.0,117446.14053106937,119905.34412932584,116847.62908057561,119905.34412932584,2385889234395.798,58254437922.63227
2025-07-23,1753228800.0,119958.86217219132,119958.86217219132,117604.01001209718,118632.49453402618,2360255006847.191,45164914580.98258
2025-07-24,1753315200.0,118629.05588130427,119212.30770583588,117421.54712428327,118328.21441084414,2355432551372.6606,51790816727.15537
2025-07-25,1753401600.0,118374.12669269227,118374.12669269227,115183.79069979969,117306.17719953186,2333954012549.525,92250798810.4639
2025-07-26,1753488000.0,117518.68467257165,118269.19800713999,117305.49073255135,118101.98823621588,2349815370343.754,25582506440.17877
2025-07-27,1753574400.0,117959.54234360624,119516.2426260147,117913.85698992395,119516.2426260147,2378439141512.8696,29916416889.29025
2025-07-28,1753660800.0,119434.4444449632,119568.35054365265,117666.6803124331,117911.75723002375,2346903116929.571,41550877531.2401
2025-07-29,1753747200.0,118003.30201607826,118932.51750116867,117342.64541896585,117803.58616742294,2344161789771.781,42569740533.96025
2025-07-30,1753833600.0,117830.59603074304,118643.99441175944,116726.91412131081,117460.73022267674,2337326184793.6235,42693530417.24623
2025-07-31,1753920000.0,117827.80422776299,118669.27778218249,116112.82911807846,116112.82911807846,2310311224463.403,43940881829.36632
2025-08-01,1754006400.0,115744.99154744405,115881.73853569946,113069.93493509205,113069.93493509205,2250601373496.0137,66616874762.43864
2025-08-02,1754092800.0,113252.12450393297,113967.9839859553,112296.37899409614,112869.39781442507,2246448317605.4883,34000365679.56743
2025-08-03,1754179200.0,112572.12800035469,114398.33529134598,112572.12800035469,114319.43799119137,2275267045734.997,25456905637.295254
2025-08-04,1754265600.0,114235.10224673641,115347.8424712757,114235.10224673641,115291.2159130596,2293172352896.302,32489068462.481743
2025-08-05,1754352000.0,115030.80970246221,115030.80970246221,112866.55339857315,113954.92219768552,2267468114990.2134,37313253180.34051
2025-08-06,1754438400.0,114097.76452778364,115562.50422275848,113469.76685342751,115132.54695069448,2291567121158.414,32278913052.277527
2025-08-07,1754524800.0,115013.39140866173,117596.49139855335,114334.98210264335,117596.49139855335,2340448718342.4927,38077479262.45592
2025-08-08,1754611200.0,117466.18082017908,117466.18082017908,116170.27552758016,116895.02084894278,2326637779600.773,31459206566.209084
2025-08-09,1754697600.0,116686.72473635004,117533.0938367717,116397.67926922366,116566.51461542826,2320156226217.5293,27408872586.289906
2025-08-10,1754784000.0,116500.75461167548,119034.73953042638,116500.75461167548,119034.73953042638,2369334710241.44,35754521257.98267
2025-08-11,1754870400.0,119248.44827754395,122227.46933490643,118589.49279908501,118817.45636188111,2365142520501.453,62893664619.09909
2025-08-12,1754956800.0,118726.76097608739,120016.48317663175,118378.15935892852,119999.15738034059,2388972488961.321,46423403789.595924
2025-08-13,1755043200.0,120106.09706605313,123066.19096595528,119019.98754398024,123066.19096595528,2455023933292.1597,59079865833.72369
2025-08-14,1755129600.0,123419.33444694606,123782.08008719778,117846.8293927414,118327.47253939268,2355846719805.7573,73193091785.09883
2025-08-15,1755216000.0,118387.76940297017,119160.51538435975,117000.41118669232,117805.21195916239,2344344633464.305,41269028577.39868
2025-08-16,1755302400.0,117396.51852350791,117954.97333880374,117396.51852350791,117484.75585417039,2338939503495.187,23794931994.61549
2025-08-17,1755388800.0,117397.54362420287,118451.62072881311,117369.57653063927,118004.76868885547,2349079656496.388,20685217966.42999
2025-08-18,1755475200.0,117519.35606632655,117519.35606632655,114995.26995245655,116445.12054707026,2321094059957.7896,46819813147.56796
2025-08-19,1755561600.0,116315.1187900144,116578.69611080748,112832.75554814276,113170.10811534988,2254079557134.3145,45788441426.74541
2025-08-20,1755648000.0,112896.32534645073,114590.45445269886,112721.52528522459,114590.45445269886,2281541204491.5835,43391081238.798386
2025-08-21,1755734400.0,114250.43172587751,114723.4072135875,112023.06158201321,112468.84756023913,2239211473136.5786,32709524011.280228
2025-08-22,1755820800.0,112414.39987336512,117016.4148378404,112288.33375620782,116690.82991354102,2323301410531.106,50558197963.827705
2025-08-23,1755907200.0,116897.54178212964,116897.54178212964,114686.33732965987,115280.20647376521,2294763298927.219,27623022682.170525
2025-08-24,1755993600.0,115359.98346714744,115431.1805844341,112217.2548926291,113414.74875838551,2256536044289.26,41782659810.32342
2025-08-25,1756080000.0,113399.54847314971,113415.23674884671,109690.83734151356,110239.01953202092,2197035281377.5393,52583112387.23077
2025-08-26,1756166400.0,110185.35443900425,111889.77042079122,109214.15345032258,111889.77042079122,2227594692132.1353,45944710487.08485
2025-08-27,1756252800.0,111842.70999260596,112370.95333819998,110692.47419258242,111438.43391304565,2219782307604.9614,37713714851.063545
2025-08-28,1756339200.0,111241.29264807492,113220.30581858233,111241.29264807492,112406.3705221515,2238400130730.306,33659831754.927155
2025-08-29,1756425600.0,112512.68098276858,112512.68098276858,107696.08632642716,108268.4161096884,2156159106070.4075,51844407718.36738
2025-08-30,1756512000.0,108335.63315175903,108853.56250612278,107689.75218525807,108541.98755698749,2161337343837.0042,27678509334.769215
2025-08-31,1756598400.0,108781.95727925687,109453.20512620649,108323.515018761,108867.78018188462,2168035106372.9802,25405802959.944466
2025-09-01,1756684800.0,108253.36092385623,109681.77674236635,107414.44225002972,108482.11328514619,2158880764122.315,42682976305.36794
2025-09-02,1756771200.0,109229.01454657852,111395.0416549949,108798.9523326062,111215.73957482145,2215028845461.464,51731867645.593094
2025-09-03,1756857600.0,111190.18209845416,112380.36963798928,110690.27811220792,111953.69701327455,2228331346248.5483,35815701332.95738
2025-09-04,1756944000.0,111751.64761020488,112072.79984901128,109497.72346906656,111490.51479289168,2218244727783.438,34059018537.82736
2025-09-05,1757030400.0,110752.04142516552,113225.00021261438,110514.16200241748,110813.80860700153,2207362921500.6304,57671348597.39009
2025-09-06,1757116800.0,110656.308978032,111103.49983851465,110054.77331373848,110175.25026599839,2194132592996.3423,19485066431.506992
2025-09-07,1757203200.0,110223.83395870344,111347.47926907448,110223.83395870344,111271.50729228156,2215915986430.9673,21459138328.813354
2025-09-08,1757289600.0,111133.09269636446,112601.63757963854,110836.31395611238,112223.03656606357,2235157728344.891,37455213029.59858
2025-09-09,1757376000.0,112025.12878118771,113112.94201935548,110870.22649131795,111518.10122362581,2221848405033.736,45424092678.953285
2025-09-10,1757462400.0,111521.54423183508,113935.59752053465,111023.09957073671,113935.59752053465,2269495918048.567,51746634488.03162
2025-09-11,1757548800.0,114000.12092296442,115251.54504573994,113851.68539357337,115251.54504573994,2295845681715.2656,43393437573.56153
2025-09-12,1757635200.0,115503.16663193036,116704.71486571954,114944.79334030187,116094.98634284323,2311335480197.811,51462903459.96362
2025-09-13,1757721600.0,116160.14344594491,116299.90574103985,115342.81410658239,115914.67697398618,2309141518202.2163,30611408283.074455
2025-09-14,1757808000.0,115974.8873939637,116143.86978301249,115264.81046966574,116031.2706523723,2311158136986.3833,25807919933.674305
2025-09-15,1757894400.0,115278.55251586219,116552.24107354402,114696.00606119882,115299.78030175949,2296903869924.433,47565314127.02235
2025-09-16,1757980800.0,115356.68489564986,116882.78170087388,115019.09578002297,116872.96755173472,2328664141538.433,39664499347.41602
2025-09-17,1758067200.0,116797.00205991932,117256.58549060355,115194.3078037463,116863.39240749434,2327389357600.386,53400177583.04877
2025-09-18,1758153600.0,116455.94648225319,117851.18539205311,116381.22893627378,116948.58586157573,2329945742323.303,46048527705.33784
2025-09-19,1758240000.0,117169.11793707692,117447.66044572467,115157.37841901269,115650.54025838921,2304114977371.1675,35139749529.03353
2025-09-20,1758326400.0,115656.94582205842,116083.2407924125,115489.18449916203,115818.25379015566,2307550670562.884,18716354062.7165
2025-09-21,1758412800.0,115722.89635080755,115849.67417839603,115369.30506735465,115584.69105357188,2302828012928.863,18388796128.706375
2025-09-22,1758499200.0,115255.84820116173,115255.84820116173,112176.15576810564,112696.45087669161,2245071792975.052,68842168768.64662
2025-09-23,1758585600.0,112692.49699542265,113153.92698775811,111658.22948842609,112176.36741538407,2235084851485.4595,45875675603.96433
2025-09-24,1758672000.0,112002.46136592985,113874.18696407137,111715.17494390001,113360.01913291797,2258298867083.749,46276942976.16221
2025-09-25,1758758400.0,113317.1626894919,113317.1626894919,109003.34295214499,109339.13076690925,2178815188752.1545,73166077789.98601
2025-09-26,1758844800.0,108963.53013595635,109855.69777420572,108963.53013595635,109611.1798647101,2184573104682.4287,57986955379.576836
2025-09-27,1758931200.0,109710.20874667744,109710.20874667744,109303.9057184713,109617.54727774093,2184052597154.865,23486570851.59034
2025-09-28,1759017600.0,109675.14319507511,111969.62645083838,109340.75887763893,111969.62645083838,2230629626948.1846,28864991942.706272
2025-09-29,1759104000.0,112142.57362752674,114335.55581555494,111656.03621546281,114199.64361291657,2275122256006.01,59472095802.84539
2025-09-30,1759190400.0,114309.15041119447,114618.57914948085,112843.61303366242,113941.29371405822,2271763869536.0645,57951420649.40067
2025-10-01,1759276800.0,114024.22783550054,117890.1276507497,114024.22783550054,117890.1276507497,2349314929472.248,67938363473.51913
2025-10-02,1759363200.0,118503.24451752483,120806.93107659295,118386.89339564343,120165.1470230456,2394589778309.4893,72168715153.93767
2025-10-03,1759449600.0,120514.57785586915,122985.9623505026,119735.66557820702,122537.99384944742,2443793683557.017,84070891085.43182
2025-10-04,1759536000.0,122294.92441742845,122646.32935293744,121583.68696992841,122317.15720363855,2438409741153.8447,35804303691.43797
2025-10-05,1759622400.0,122428.89063350529,125360.89741769346,122199.16741250416,123160.19781642949,2453121752592.523,70682479798.78304
2025-10-06,1759708800.0,123506.18520027678,126079.88702928118,123377.11931871786,125071.79779861,2492210002919.355,69966745113.29373
2025-10-07,1759795200.0,124773.50823074432,125020.94913156852,120928.14693401169,121986.64658513198,2431436183988.452,75989308583.20114
2025-10-08,1759881600.0,121518.75593575071,123966.00923012884,121275.38370398917,123282.52156046173,2459101006088.698,63672292942.96474
2025-10-09,1759968000.0,123352.50487523204,123475.01328209444,120322.04794974093,121740.81237186604,2426072778491.844,71321225128.3795
2025-10-10,1760054400.0,121698.03066778315,121820.11241777765,113553.46205479014,113879.7376683253,2270075718074.3154,141214115646.16034
2025-10-11,1760140800.0,113043.67586321975,113306.38533153781,110389.75589111897,111134.29648271875,2215777821095.353,116778720994.19617
2025-10-12,1760227200.0,110655.26975977031,115481.167676035,109883.28741022735,115481.167676035,2301519310376.6685,93530046405.73566
2025-10-13,1760313600.0,115189.5714637257,115933.90325039899,114004.90391225103,115638.30336881512,2304912178665.493,72089627816.4351
2025-10-14,1760400000.0,115222.28302116522,115222.28302116522,110735.7337032851,113253.1113223007,2253310441618.4,91553313572.8924
2025-10-15,1760486400.0,113156.56943826913,113156.56943826913,110752.26596267126,110793.48679619528,2209519120640.9316,69516378992.15611
2025-10-16,1760572800.0,110708.66960879423,111693.47908038496,107808.50597374301,107985.60383108161,2153040923173.1472,84372309946.72626
2025-10-17,1760659200.0,108168.17353436728,109181.00611204734,104777.54392041727,107016.94179918483,2133697020820.9885,95435805024.39355
2025-10-18,1760745600.0,106443.61194984635,107210.23428047558,106443.61194984635,107147.81742888642,2136099750982.6152,35150418701.746925
2025-10-19,1760832000.0,107156.00337647724,109404.69898589609,106489.79430051908,108976.71889815509,2173512677338.6309,43654295436.47771
2025-10-20,1760918400.0,108655.50525004533,111427.00607037144,107984.75530202611,110836.40846709388,2208733943207.8057,60445242245.29478
2025-10-21,1761004800.0,110608.5714932665,113348.64642768126,107603.55609132143,109054.76698417134,2174820607158.8647,102812337428.45735
2025-10-22,1761091200.0,108486.10262716639,108647.44801249019,107087.57222183463,107087.57222183463,2135503250067.2317,86457544361.6167
2025-10-23,1761177600.0,107591.46050939859,111200.25221791971,107591.46050939859,109976.56229518166,2192967593199.9558,57480485614.18764
2025-10-24,1761264000.0,110048.51827291629,111455.90523406792,109988.92412004159,110995.20314850457,2213324791041.413,49295175746.96991
2025-10-25,1761350400.0,110997.80437129698,111820.39354605979,110742.40086612821,111688.03881568028,2225975322422.195,23214928446.454586
2025-10-26,1761436800.0,111620.3093731354,114722.01666031986,111319.18877311777,114722.01666031986,2287854273893.316,40444618322.74704
2025-10-27,1761523200.0,114476.01227508577,115957.34497996338,114083.62215827091,114083.62215827091,2274902483320.372,62072298196.14764
2025-10-28,1761609600.0,114182.79442806762,115432.20899391148,112848.07396975305,113215.0370549014,2257786032041.078,65448489825.38053
2025-10-29,1761696000.0,112950.34863259472,113559.64323800545,110741.00143005645,111207.3808796623,2216647725929.926,64119505845.233116
2025-10-30,1761782400.0,110046.66925837283,111315.3215247364,106786.29956059155,107811.51124016618,2148967854246.1582,73506468066.26756
2025-10-31,1761868800.0,108240.76528725718,110588.71583789948,108240.76528725718,109571.26180211104,2184845174105.2786,60042370681.45876
2025-11-01,1761955200.0,109573.90555629115,110433.81730690403,109573.90555629115,110026.69447298996,2193474139507.92,25584683351.62055
2025-11-02,1762041600.0,110066.94174051797,111057.64793364429,109715.8643029032,109715.8643029032,2187719105132.2258,34174515409.902817
2025-11-03,1762128000.0,110650.2092823146,110650.2092823146,105802.32388987354,106436.50508904329,2120858690863.5227,75322716115.28944
2025-11-04,1762214400.0,106521.08673825761,107031.07828710617,99607.01075510254,101168.08182774446,2015673763582.681,111120277224.01067
2025-11-05,1762300800.0,101480.76659609629,104346.43586243482,100550.26711207266,103731.59710288851,2070028157081.7258,79392228361.15564
2025-11-06,1762387200.0,103877.95965955159,103932.89522342409,100899.81657202521,101313.84894808239,2018814143136.7744,62747799223.73621
2025-11-07,1762473600.0,101322.6402945857,103697.33774117324,99376.95023489367,103679.45665090723,2068388011876.0803,94536465540.28552
2025-11-08,1762560000.0,103396.084215925,103396.084215925,101704.4483335384,102371.4061315383,2041490189314.0884,52233279230.90178
2025-11-09,1762646400.0,102290.13714655167,104763.27899819663,101645.1231585367,104752.95053935901,2085677235340.0718,56525460601.08043
2025-11-10,1762732800.0,104709.67861656273,106437.47072004834,104709.67861656273,105962.37741033119,2112502214118.9065,70766898600.1894
2025-11-11,1762819200.0,105951.49599987874,106562.39225208403,102667.41045135185,103054.46565583264,2055604181544.0334,70943459843.82286
2025-11-12,1762905600.0,103112.21006199118,105022.75744131194,101260.93984772495,101913.3933023448,2033226182419.0466,63311123495.245445
2025-11-13,1762992000.0,101633.69431605682,103690.14874445791,98191.1935047109,99564.31976292176,1989982805805.7544,100642305049.34558
2025-11-14,1763078400.0,99480.30709081261,99577.62299959856,94283.3183775619,95035.6962076555,1895956794634.3506,114989307912.63002
2025-11-15,1763164800.0,94456.39368235337,96298.38479151065,94456.39368235337,95462.10254025694,1902420932531.3425,56929450658.75467
2025-11-16,1763251200.0,95508.31019889197,96389.5455878607,93433.66694390765,93901.72469574874,1879525940676.3066,69295151323.07886
2025-11-17,1763337600.0,94411.32947182967,95608.1449811907,91640.14882690794,92134.03937002398,1838258166801.3528,96173134586.01268
2025-11-18,1763424000.0,92036.7255045672,93403.70885600006,89455.50494356749,93145.7577097744,1857860770954.2568,105075860268.14705
2025-11-19,1763510400.0,92819.75921500899,92819.75921500899,88762.88762887781,90392.70214748924,1802484077031.9326,81671042090.0675
2025-11-20,1763596800.0,91408.3573343969,92570.04745042275,86381.8144325911,87734.6972205648,1753183082402.225,100855423107.85713
2025-11-21,1763683200.0,86649.97257918229,87272.32453457452,82175.40356149618,84164.15221203933,1683120283863.3323,134430242352.06528
2025-11-22,1763769600.0,85087.95256265256,85095.90189021763,83573.94937207477,85095.90189021763,1690825489576.6362,44089359359.01347
2025-11-23,1763856000.0,84675.50764856212,87856.91104466101,84675.50764856212,87854.91896866458,1752130581523.9768,59158330734.815056
2025-11-24,1763942400.0,86783.84766839583,89111.75024576523,85953.91955751604,88631.71085966966,1769679598360.4944,79355628587.11858
2025-11-25,1764028800.0,88229.35740719768,88416.26556192817,86396.68263644705,87594.72411303585,1744242707210.139,66666735004.98444
2025-11-26,1764115200.0,87310.33159950442,90249.96897580565,86597.45451490527,90249.96897580565,1801623447462.1948,53810973404.89161
2025-11-27,1764201600.0,90474.22677969698,91804.82094206505,90443.99930725468,91312.76899397155,1820725734598.9014,60399744388.402695
2025-11-28,1764288000.0,91323.62827620257,92346.3518191028,90669.96401023648,91127.20612080491,1818056713990.0012,63657289040.1004
2025-11-29,1764374400.0,90904.86767344689,91040.54640850973,90475.97662592627,90788.7597853794,1812473497334.931,39649096578.86138
2025-11-30,1764460800.0,90841.45258193677,91814.62353308922,90802.75505671403,91159.28211972128,1818842105415.5886,39543243737.194695
2025-12-01,1764547200.0,90359.86873169734,90359.86873169734,84553.51608407828,86642.17601166596,1730309732403.3464,93170698493.74403
2025-12-02,1764633600.0,86281.49519776918,92003.14962051474,86281.49519776918,91972.84712515515,1834905539292.9546,81806617117.39365
2025-12-03,1764720000.0,91320.07942505727,93748.59078386276,91320.07942505727,93717.47149577878,1872517469054.488,82438873984.17928
2025-12-04,1764806400.0,93428.59451478458,93855.83582607246,92053.41845475078,92349.58095934307,1843956033743.8472,69295300995.4045
2025-12-05,1764892800.0,92140.70419795791,92527.8315926902,88838.81256963374,89246.76255414792,1782124799120.1086,50113884323.69085
2025-12-06,1764979200.0,89307.09154512963,90081.81117280423,89301.79183131723,89301.79183131723,1783108120105.4116,24633590075.577934
2025-12-07,1765065600.0,89244.7620814118,91432.38872266383,88202.39414470572,89669.56280777082,1796508258193.8694,34761813986.02384
2025-12-08,1765152000.0,90398.44875659449,92130.30140568635,89841.06111713321,90858.05062091617,1813481533942.3281,45837631908.45817
2025-12-09,1765238400.0,90626.03734312119,94267.1832941627,89908.32646008272,92790.20448989807,1852779210725.4065,55421905538.57284
2025-12-10,1765324800.0,92686.10402025313,92991.94802108228,91801.71806295244,92541.97526271449,1846826410913.4001,52765612328.35781
2025-12-11,1765411200.0,92005.13714957413,93042.43802644171,89463.2323445275,92243.5394501412,1842069862403.6008,52591037128.00059
2025-12-12,1765497600.0,92494.17691640415,92584.46652311603,89947.35621835101,90323.07179560265,1802246188846.8271,67635974448.508316
2025-12-13,1765584000.0,90307.26028567803,90601.31912456751,90056.9602943351,90170.685696021,1799279486077.616,35299816933.31425
2025-12-14,1765670400.0,90253.11813342397,90357.27452201652,88291.27423697856,88291.27423697856,1762293125370.9395,33128794674.800053
2025-12-15,1765756800.0,88230.77409367911,89869.01773202233,85704.70802098143,86115.3087389092,1717334594879.6182,51273986707.708855
2025-12-16,1765843200.0,86413.22138097929,87882.79494072369,85814.24822225161,87752.71363044197,1752852460098.498,49205627620.057014
2025-12-17,1765929600.0,87719.68139798648,89605.99206418035,85809.17338229857,86219.03175601113,1722485856291.6013,49530563126.52174
2025-12-18,1766016000.0,86196.82137334664,88864.61364522365,84581.28337226612,85515.31133068129,1709477078841.8723,59467186471.99224
2025-12-19,1766102400.0,85450.3312009302,88241.70207869307,85260.28735713419,88241.70207869307,1761691489837.733,52525968050.62349
2025-12-20,1766188800.0,88103.86075721023,88288.45846354128,87944.87887946366,88288.45846354128,1761440568824.2393,16871857228.537176
2025-12-21,1766275200.0,88347.94310567998,88948.66417291677,87655.16418543628,88466.39336921231,1765523624319.8608,21761939349.28472
2025-12-22,1766361600.0,88672.32967904503,90168.94448705531,88035.95554969124,88604.74504931869,1768990283622.2458,42621045735.97155
2025-12-23,1766448000.0,88491.12020788102,88741.53847338387,87152.73628745983,87350.51606204086,1744100844170.9446,47668506404.403656
2025-12-24,1766534400.0,87496.14669239183,87941.71251768363,86744.95439499128,87941.71251768363,1755879392438.7615,29281594082.701607
2025-12-25,1766620800.0,87589.01664996856,88309.93822214384,87352.86585433579,87535.27743569968,1747385186588.091,21732937969.98761
2025-12-26,1766707200.0,87192.23473670239,89180.44167406879,87065.33825537036,87457.38330543491,1744796346570.1243,48380879228.700325
2025-12-27,1766793600.0,87305.95655961394,87610.047999887,87305.95655961394,87534.30577163116,1747895309237.2305,15569154405.997717
2025-12-28,1766880000.0,87807.003210775,87873.96066542523,87464.64355756478,87873.96066542523,1754346595126.806,16974595855.222939
2025-12-29,1766966400.0,87867.03943448896,90064.22491132967,87165.57156330097,87283.31328161011,1742771344659.8914,54117930688.931435
2025-12-30,1767052800.0,87154.68240604762,88957.43651898901,86979.26380079919,88352.70423735311,1764345508535.7263,39902723955.916664
2025-12-31,1767139200.0,88363.72223633934,88880.0117664658,87409.55958069453,87568.19306011873,1749490234552.3083,37803301130.75254
2026-01-01,1767225600.0,87517.2715407769,88587.34898899503,87483.89739989582,88587.34898899503,1768281951339.2346,20927913343.28625
2026-01-02,1767312000.0,88727.67004249741,90290.53065527705,88496.24888004114,90224.99850237134,1801854392641.3403,51879205861.92299
2026-01-03,1767398400.0,89926.27924953419,90546.2336878092,89537.62578452252,90546.2336878092,1806840437328.2231,23456761212.737316
2026-01-04,1767484800.0,90593.85443180417,91537.88892858574,90593.85443180417,91138.83648319764,1820688998389.1763,30865979101.022736
2026-01-05,1767571200.0,91373.21588108438,94420.78178379484,91373.21588108438,94172.16706203608,1880482719133.8616,59612459834.489105
2026-01-06,1767657600.0,93864.98498443165,93864.98498443165,91544.95397613838,93215.17913540878,1861840617666.4578,57449796899.40922
2026-01-07,1767744000.0,93646.72081123287,93646.72081123287,90795.41853741097,91109.197352891,1819780647469.8594,47696230887.027245
2026-01-08,1767830400.0,91279.56570116522,91326.27938978586,89799.62786464923,91144.08785249206,1820450964333.8284,49293182116.366165
2026-01-09,1767916800.0,91006.17743088726,91516.64563560692,89875.94170610893,90501.12609798246,1807592629451.999,43007078493.55226
2026-01-10,1768003200.0,90513.10972085517,90706.43185761382,90337.10544104721,90363.86140473763,1804978804460.3374,14103174744.58236
2026-01-11,1768089600.0,90442.01907847001,90965.74726908172,90438.21120646725,90438.21120646725,1806448531833.7864,18718274267.583817
2026-01-12,1768176000.0,90819.36598904192,92107.88075702584,90321.59538536768,91152.85062984926,1821200849708.0815,48349188110.059326
2026-01-13,1768262400.0,91134.96917951507,95724.32374950121,91030.83565948856,95724.32374950121,1909668940186.29,64176799748.99207
2026-01-14,1768348800.0,95260.4422971001,95671.12348021378,94872.54700005168,94872.54700005168,1895205763016.202,68440947868.01064
